3165,Central Park West & W 72 St,40.77579377,-73.97620574,10
174,E 25 St & 1 Ave,40.7381765,-73.97738662,10
3414,Bergen St & Flatbush Ave,40.68094472,-73.97567332,10
2012,E 27 St & 1 Ave,40.739445,-73.976806,10
502,Henry St & Grand St,40.714211,-73.981095,10
4068,Fort Washington Ave & W 183 St,40.852252,-73.937854,10
3355,E 66 St & Madison Ave,40.76800889,-73.96845281,10
353,S Portland Ave & Hanson Pl,40.68539567,-73.97431458,10
347,Greenwich St & W Houston St,40.728846,-74.008591,10
476,E 31 St & 3 Ave,40.74394314,-73.97966069,10
3539,W 116 St & Amsterdam Ave,40.8067581,-73.9607082,10
3178,Riverside Dr & W 78 St,40.78414472,-73.98362492,10
3156,E 72 St & York Ave,40.76663814,-73.95348296,10
258,DeKalb Ave & Vanderbilt Ave,40.68940747,-73.96885458,10
168,W 18 St & 6 Ave,40.73971301,-73.99456405,10
3314,W 95 St & Broadway,40.7937704,-73.971888,10
323,Lawrence St & Willoughby St,40.69236178,-73.98631746,10
368,Carmine St & 6 Ave,40.73038599,-74.00214988,10
3913,Sands St Gate,40.699569,-73.979827,10
3553,Frederick Douglass Blvd & W 112 St,40.801694,-73.957145,10
3282,5 Ave & E 88 St,40.78307,-73.95939,10
3861,Menahan St & Wyckoff Ave,40.70113,-73.91422,10
417,Barclay St & Church St,40.71291224,-74.01020234,10
3641,Broadway & W 25 St,40.74286877,-73.98918629,10
242,Carlton Ave & Flushing Ave,40.697787,-73.973736,10
4338,Grand St & Samuel Dickstein Plaza,40.71511872,-73.98417056,10
3906,West St & Liberty St,40.711444,-74.014847,10
3134,3 Ave & E 62 St,40.76312584,-73.96526895,10
3087,Metropolitan Ave & Meeker Ave,40.71413311,-73.95234386,10
284,Greenwich Ave & 8 Ave,40.73901691,-74.00263761,10
311,Norfolk St & Broome St,40.7172274,-73.98802084,10
3656,E 2 St & Avenue A,40.72307749,-73.98583621,10
3562,Classon Ave & St Marks Ave,40.6765198,-73.9596082,10
399,Lafayette Ave & St James Pl,40.68851534,-73.9647628,10
478,11 Ave & W 41 St,40.76030096,-73.99884222,10
540,Lexington Ave & E 29 St,40.74311555,-73.98215353,10
3578,Park Pl & Franklin Ave,40.6741806,-73.9564947,10
4034,Hamilton Pl & W 138 St,40.821728,-73.952761,10
3062,Myrtle Ave & Marcy Ave,40.69539817,-73.94954908,10
72,W 52 St & 11 Ave,40.76727216,-73.99392888,10
3888,Woodward Ave & Harman St,40.70793,-73.91092,10
3501,E 118 St & Madison Ave,40.8014866,-73.9442507,10
503,E 20 St & Park Ave,40.73827428,-73.98751968,10
3497,Pleasant Ave & E 116 St,40.7949879,-73.9333349,10
4012,W 148 St & Amsterdam Ave,40.827075,-73.945909,10
291,Madison St & Montgomery St,40.713126,-73.984844,10
3046,Marcus Garvey Blvd & Macon St,40.682601,-73.938037,10
3725,2 Ave & E 72 St,40.76876203,-73.95840794,10
3301,Columbus Ave & W 95 St,40.7919557,-73.968087,10
3812,University Pl & E 14 St,40.734814,-73.992085,10
532,S 5 Pl & S 5 St,40.710451,-73.960876,10
2003,1 Ave & E 18 St,40.73381219,-73.98054421,10
3306,10 St & 7 Ave,40.6662078,-73.98199886,10
3409,Bergen St & Smith St,40.6867443,-73.99063168,10
3288,E 88 St & 1 Ave,40.778301,-73.9488134,10
3294,E 91 St & Park Ave,40.7835016,-73.955327,10
4045,West End Ave & W 60 St,40.77237,-73.99005,10
3285,W 87 St & Amsterdam Ave,40.78839,-73.9747,10
307,Canal St & Rutgers St,40.71427487,-73.98990025,10
401,Allen St & Rivington St,40.72019576,-73.98997825,10
3372,E 74 St & 1 Ave,40.7689738,-73.95482273,10
447,8 Ave & W 52 St,40.76370739,-73.9851615,10
3617,28 Ave & 35 St,40.7671,-73.9169858,10
513,W 56 St & 10 Ave,40.768254,-73.988639,10
3142,1 Ave & E 62 St,40.7612274,-73.96094022,10
3379,E 103 St & Lexington Ave,40.7903051,-73.94755757,10
458,11 Ave & W 27 St,40.751396,-74.005226,10
394,E 9 St & Avenue C,40.72521311,-73.97768752,10
326,E 11 St & 1 Ave,40.72953837,-73.98426726,10
298,3 Ave & Schermerhorn St,40.68683208,-73.9796772,10
4118,Liberty St & Nassau St,40.70858894,-74.00935482,10
3367,5 Ave & E 103 St,40.7922553,-73.95249933,10
3778,Irving Ave & DeKalb Ave,40.7027,-73.92095,10
3299,E 98 St & Park Ave,40.78813,-73.95206,10
3749,Lexington Ave & E 36 St,40.74757396,-73.97880077,10
3922,Alexander Ave & E 134 St,40.807466,-73.927107,10
212,W 16 St & The High Line,40.74334935,-74.00681753,10
3552,W 113 St & Broadway,40.805973,-73.964928,10
453,W 22 St & 8 Ave,40.74475148,-73.99915362,10
383,Greenwich Ave & Charles St,40.735238,-74.000271,10
434,9 Ave & W 18 St,40.74317449,-74.00366443,10
3858,Kent St & McGuinness Blvd,40.73124,-73.95161,10
446,W 24 St & 7 Ave,40.74487634,-73.99529885,10
4336,E 13 St & 2 Ave,40.73153937,-73.98530245,10
264,Maiden Ln & Pearl St,40.70706456,-74.00731853,10
3580,St Johns Pl & Washington Ave,40.6737236,-73.9631611,10
474,5 Ave & E 29 St,40.7451677,-73.98683077,10
3928,Adam Clayton Powell Blvd & W 132 St,40.813539,-73.94521,10
3116,Huron St & Franklin St,40.73266,-73.95826,10
482,W 15 St & 7 Ave,40.73935542,-73.99931783,10
3173,Riverside Blvd & W 67 St,40.77750703,-73.98888588,10
308,St James Pl & Oliver St,40.71307916,-73.99851193,10
3113,Greenpoint Ave & Manhattan Ave,40.73026,-73.95394,10
435,W 21 St & 6 Ave,40.74173969,-73.99415556,10
505,6 Ave & W 33 St,40.74901271,-73.98848395,10
3042,Fulton St & Utica Ave,40.6794268,-73.9298911,10
4069,Cabrini Blvd & W 177 St,40.848282,-73.941343,10
507,E 25 St & 2 Ave,40.73912601,-73.97973776,10
3831,Broadway & Hancock St,40.68663,-73.9168,10
3905,4 Ave & E 12 St,40.732647,-73.99011,10
4210,Grand Concourse & E 166 St,40.83196,-73.91956,10
3437,Riverside Dr & W 91 St,40.79313481,-73.97700369,10
4106,Ogden Ave & W 164 St,40.832812,-73.929372,10
4341,Market St & Henry St,40.71310702,-73.99446353,10
340,Madison St & Clinton St,40.71269042,-73.98776323,10
3737,Stanton St & Norfolk St,40.720747,-73.986274,10
486,Broadway & W 29 St,40.7462009,-73.98855723,10
3674,Jay St & York St,40.70140317,-73.9867267,10
412,Forsyth St & Canal St,40.7158155,-73.99422366,10
3164,Columbus Ave & W 72 St,40.7770575,-73.97898475,10
402,Broadway & E 22 St,40.7403432,-73.98955109,10
3096,Union Ave & N 12 St,40.71924,-73.95242,10
3916,Pearl St & Peck Slip,40.708485,-74.002751,10
3226,W 82 St & Central Park West,40.78275,-73.97137,10
495,W 47 St & 10 Ave,40.76269882,-73.99301222,10
3579,Sterling Pl & Bedford Ave,40.672695,-73.954131,10
3522,37 St & 24 Ave,40.7701477,-73.9120938,10
4120,E 39 St & Lexington Ave,40.74949855,-73.97729203,10
164,E 47 St & 2 Ave,40.75323098,-73.97032517,10
268,Howard St & Centre St,40.71910537,-73.99973337,10
285,Broadway & E 14 St,40.73454567,-73.99074142,10
3435,Grand St & Elizabeth St,40.718822,-73.99596,10
363,West Thames St,40.70834698,-74.01713445,10
262,Washington Park,40.6917823,-73.9737299,10
3711,E 13 St & Avenue A,40.72966729,-73.98067966,10
3735,W 30 St & 10 Ave,40.752694,-74.002353,10
312,Allen St & Stanton St,40.722055,-73.989111,10
3534,Frederick Douglass Blvd & W 117 St,40.805159,-73.954692,10
4288,Steinway St & 21 Ave,40.774798,-73.903787,10
411,E 6 St & Avenue D,40.72228087,-73.97668709,10
4339,"Forsyth St	& Grand St",40.71779818,-73.99316132,10
418,Front St & Gold St,40.70224,-73.982578,10
319,Fulton St & Broadway,40.711066,-74.009447,10
4047,Amsterdam Ave & W 156 St,40.832081,-73.942386,10
464,E 56 St & 3 Ave,40.75934501,-73.96759673,10
3107,Bedford Ave & Nassau Ave,40.72311651,-73.95212324,10
350,Clinton St & Grand St,40.71559509,-73.9870295,10
252,MacDougal St & Washington Sq,40.73226398,-73.99852205,10
3242,Schermerhorn St & Court St,40.69102926,-73.99183363,10
480,W 53 St & 10 Ave,40.76669671,-73.99061728,10
536,1 Ave & E 30 St,40.74144387,-73.97536082,10
3734,E 58 St &  1 Ave (NW Corner),40.759125,-73.962658,10
3615,44 Dr & 21 St,40.748,-73.9460927,10
4214,Spring St & Hudson St,40.72583997,-74.0076533,10
3789,Fulton St & Irving Pl,40.68186,-73.959432,10
3146,E 81 St & 3 Ave,40.77573034,-73.9567526,10
3504,E 123 St & Lexington Ave,40.8029263,-73.9379,10
526,E 33 St & 5 Ave,40.74765947,-73.98490707,10
3739,Perry St & Greenwich Ave,40.735918,-74.000939,10
321,Cadman Plaza E & Red Cross Pl,40.69991755,-73.98971773,10
293,Lafayette St & E 8 St,40.73020661,-73.99102628,10
3705,Thompson St & Bleecker St,40.72840059,-73.99968781,10
4124,Central Park W & W 91 St,40.78866499,-73.96680057,10
3101,N 12 St & Bedford Ave,40.72079821,-73.95484712,10
369,Washington Pl & 6 Ave,40.73224119,-74.00026394,10
3312,1 Ave & E 94 St,40.7817212,-73.94594,10
3150,E 85 St & York Ave,40.77536905,-73.94803392,10
157,Henry St & Atlantic Ave,40.69089272,-73.99612349,10
499,Broadway & W 60 St,40.76915505,-73.98191841,10
3616,Steinway St & 28 Ave,40.7656251,-73.9136695,10
4238,W 44 St & 11 Ave,40.762009,-73.996975,10
3109,Banker St & Meserole Ave,40.72606,-73.95621,10
442,W 27 St & 7 Ave,40.746647,-73.993915,10
494,W 26 St & 8 Ave,40.74734825,-73.99723551,10
3287,W 87 St & West End Ave,40.789622,-73.97757,10
387,Centre St & Chambers St,40.71273266,-74.0046073,10
3454,Leonard St & Maujer St,40.71036854,-73.94705951,10
3551,3 Ave & E 112 St,40.795508,-73.941606,10
3126,44 Dr & Jackson Ave,40.74718234,-73.9432635,10
3846,Central Ave & Himrod St,40.69676,-73.92302,10
317,E 6 St & Avenue B,40.72453734,-73.98185424,10
3171,Amsterdam Ave & W 82 St,40.78524672,-73.97667321,10
2009,Catherine St & Monroe St,40.71117444,-73.99682619,10
3378,E 76 St & Park Ave,40.773763,-73.96222088,10
276,Duane St & Greenwich St,40.71748752,-74.0104554,10
3175,W 70 St & Amsterdam Ave,40.77748046,-73.98288594,10
346,Bank St & Hudson St,40.73652889,-74.00618026,10
487,E 20 St & FDR Drive,40.73314259,-73.97573881,10
3369,E 82 St & East End Ave,40.7724607,-73.9468208,10
325,E 19 St & 3 Ave,40.73624527,-73.98473765,10
3177,W 84 St & Broadway,40.7867947,-73.977112,10
3540,Morningside Ave & W 123 St,40.81,-73.9551508,10
4085,Grand Concourse & E 171 St,40.839549,-73.913004,10
3140,1 Ave & E 78 St,40.77140426,-73.9535166,10
519,Pershing Square North,40.751873,-73.977706,10
3076,Scholes St & Manhattan Ave,40.70870368,-73.9448625,10
173,Broadway & W 49 St,40.76068327,-73.98452729,10
3541,Amsterdam Ave & W 125 St,40.813358,-73.956461,10
3511,Adam Clayton Powell Blvd & W 115 St,40.802535,-73.9532423,10
4043,W 78 St & Amsterdam Ave,40.78253586,-73.97908509,10
3125,45 Rd & 11 St,40.74708586,-73.94977234,10
391,Clark St & Henry St,40.69760127,-73.99344559,10
3283,W 89 St & Columbus Ave,40.7882213,-73.97041561,10
3336,E 97 St & Madison Ave,40.787801,-73.953559,10
380,W 4 St & 7 Ave S,40.73401143,-74.00293877,10
439,E 4 St & 2 Ave,40.7262807,-73.98978041,10
3600,31 Ave & Steinway St,40.7611488,-73.9170071,10
3160,Central Park West & W 76 St,40.77896784,-73.97374737,10
3967,W 146 St & Broadway,40.826969,-73.949738,10
3932,Grand Concourse & E 144 St,40.816576,-73.927987,10
4225,Clinton St & Tillary St,40.69623297,-73.99142057,10
3339,Berkeley Pl & 6 Ave,40.6765304,-73.97846879,10
3709,W 15 St & 6 Ave,40.73804614,-73.99642959,10
3923,Lincoln Ave & E 134 St,40.808484,-73.928803,10
3859,Lorimer St & Calyer St,40.72795,-73.95414,10
405,Washington St & Gansevoort St,40.739323,-74.008119,10
3744,1 Ave & E 5 St,40.725864,-73.986389,10
3256,Pier 40 - Hudson River Park,40.72771408,-74.01129574,10
4346,17 St & 5 Ave,40.663493,-73.991007,10
3894,8 Ave & W 16 St,40.740983,-74.001702,10
4282,Washington St & Barrow St,40.73191132,-74.00876909,10
3232,Bond St & Fulton St,40.68962189,-73.98304269,10
3169,Riverside Dr & W 82 St,40.78720869,-73.98128127,10
3158,W 63 St & Broadway,40.77163851,-73.98261428,10
3094,Graham Ave & Withers St,40.7169811,-73.94485918,10
450,W 49 St & 8 Ave,40.76227205,-73.98788205,10
3783,Cliff St & Fulton St,40.70838,-74.00495,10
2021,W 45 St & 8 Ave,40.75929124,-73.98859651,10
3697,W 64 St & Thelonious Monk Circle,40.77515953,-73.98918696,10
3315,Henry St & Degraw St,40.6847514,-73.99917254,10
367,E 53 St & Lexington Ave,40.75828065,-73.97069431,10
457,Broadway & W 58 St,40.76695317,-73.98169333,10
3077,Stagg St & Union Ave,40.70877084,-73.95095259,10
349,Rivington St & Ridge St,40.71850211,-73.98329859,10
504,1 Ave & E 16 St,40.73221853,-73.98165557,10
3296,E 93 St & 2 Ave,40.78245418,-73.94891962,10
3848,Suydam St & Broadway,40.69544,-73.93223,10
305,E 58 St & 3 Ave,40.76095756,-73.96724467,10
3305,E 91 St & 2 Ave,40.7811223,-73.94965589,10
3613,Center Blvd & 48 Ave,40.745038,-73.957539,10
3323,W 106 St & Central Park West,40.7981856,-73.9605909,10
445,E 10 St & Avenue A,40.72740794,-73.98142006,10
455,1 Ave & E 44 St,40.75001986,-73.96905301,10
3163,Central Park West & W 68 St,40.7734066,-73.97782542,10
236,St Marks Pl & 2 Ave,40.7284186,-73.98713956,10
3671,E 81 St & 2 Ave,40.77477945,-73.95427465,10
79,Franklin St & W Broadway,40.71911552,-74.00666661,10
3382,Carroll St & Smith St,40.680611,-73.99475825,10
509,9 Ave & W 22 St,40.7454973,-74.00197139,10
3987,E 149 St & Jackson Ave,40.813135,-73.909235,10
545,E 23 St & 1 Ave,40.736502,-73.97809472,10
392,Jay St & Tech Pl,40.695065,-73.987167,10
4309,18 St & 27 Ave,40.77276829,-73.92743647,10
432,E 7 St & Avenue A,40.72621788,-73.98379855,10
3329,Degraw St & Smith St,40.6829151,-73.99318208,10
3061,Throop Ave & Myrtle Ave,40.69622937,-73.94371094,10
3549,Grand Ave & Bergen St,40.678045,-73.962408,10
4044,8 Ave & W 38 St,40.75461,-73.99177,10
416,Cumberland St & Lafayette Ave,40.68753406,-73.97265183,10
3141,1 Ave & E 68 St,40.76500525,-73.95818491,10
3619,Newtown Ave & 23 St,40.7713615,-73.9246145,10
355,Bayard St & Baxter St,40.71602118,-73.99974372,10
539,Metropolitan Ave & Bedford Ave,40.71534825,-73.96024116,10
461,E 20 St & 2 Ave,40.73587678,-73.98205027,10
3718,E 11 St & Avenue B,40.72746421,-73.97950418,10
3376,E 65 St & 2 Ave,40.76471852,-73.9622207,10
3970,Melrose Ave & E 154 St,40.819609,-73.916071,10
3092,Berry St & N 8 St,40.7190095,-73.95852515,10
3363,E 102 St & Park Ave,40.7904828,-73.95033068,10
470,W 20 St & 8 Ave,40.74345335,-74.00004031,10
358,Christopher St & Greenwich St,40.73291553,-74.00711384,10
4279,E 54 St & 1 Ave,40.756265,-73.964179,10
3839,Putnam Ave & Knickerbocker Ave,40.69545,-73.91164,10
3815,E 51 St & 2 Ave,40.755293,-73.967641,10
467,Dean St & 4 Ave,40.68312489,-73.97895137,10
3143,5 Ave & E 78 St,40.77632142,-73.96427393,10
3263,Cooper Square & Astor Pl,40.72951496,-73.9907527,10
3647,48 Ave & 30 Pl,40.74128309,-73.93725872,10
3402,Court St & State St,40.6902375,-73.99203074,10
479,9 Ave & W 45 St,40.76019252,-73.9912551,10
3538,W 110 St & Amsterdam Ave,40.802692,-73.96295,10
3491,E 118 St & 1 Ave,40.79747,-73.93504,10
508,W 46 St & 11 Ave,40.76341379,-73.99667444,10
3436,Greenwich St & Hubert St,40.721319,-74.010065,10
3358,Garfield Pl & 8 Ave,40.6711978,-73.97484126,10
3067,Broadway & Whipple St,40.7016657,-73.9437303,10
3827,Halsey St & Broadway,40.68565,-73.91564,10
3374,Central Park North & Adam Clayton Powell Blvd,40.799484,-73.955613,10
3746,6 Ave & Broome St,40.72430832,-74.00473036,10
3510,Adam Clayton Powell Blvd & W 123 St,40.8078316,-73.949373,10
3127,9 St & 44 Rd,40.74966,-73.9521,10
3890,Grove St & Broadway,40.69047,-73.923511,10
3707,Lexington Ave & E 26 St,40.741459,-73.983293,10
3115,India St & Manhattan Ave,40.73232194,-73.9550858,10
421,Clermont Ave & Park Ave,40.69573398,-73.97129668,10
489,10 Ave & W 28 St,40.75066386,-74.00176802,10
275,Washington Ave & Greene Ave,40.68650065,-73.96563307,10
454,E 51 St & 1 Ave,40.75455731,-73.96592976,10
4082,Gerard Ave & McClellan St,40.833909,-73.92112,10
530,11 Ave & W 59 St,40.77149671,-73.99046034,10
3733,Avenue C & E 18 St,40.730563,-73.973984,10
3318,2 Ave & E 96 St,40.7839636,-73.9471673,10
4071,Broadway & W 160 St,40.835775,-73.9434,10
3410,Dean St & Hoyt St,40.6864442,-73.98759104,10
254,W 11 St & 6 Ave,40.73532427,-73.99800419,10
151,Cleveland Pl & Spring St,40.72210379,-73.99724901,10
344,Monroe St & Bedford Ave,40.6851443,-73.95380904,10
3365,3 St & 7 Ave,40.6703837,-73.97839676,10
423,W 54 St & 9 Ave,40.76584941,-73.98690506,10
237,E 11 St & 2 Ave,40.73047309,-73.98672378,10
3920,E 132 St & Madison Ave,40.810224,-73.937195,10
511,E 14 St & Avenue B,40.72938685,-73.97772429,10
408,Market St & Cherry St,40.71076228,-73.99400398,10
251,Mott St & Prince St,40.72317958,-73.99480012,10
3765,Bushwick Ave & Stagg St,40.709897,-73.94008,10
295,Pike St & E Broadway,40.71406667,-73.99293911,10
3935,Amsterdam Ave & W 131 St,40.816355,-73.954295,10
278,Concord St & Bridge St,40.69766564,-73.98476437,10
3170,W 84 St & Columbus Ave,40.78499979,-73.97283406,10
3532,Ditmars Blvd & 19 St,40.78145,-73.9183302,10
250,Lafayette St & Jersey St,40.72456089,-73.99565293,10
3415,Prospect Pl & 6 Ave,40.6793307,-73.97519523,10
336,Sullivan St & Washington Sq,40.73047747,-73.99906065,10
3535,Mt Morris Park W & W 120 St,40.804038,-73.945925,10
3462,E 44 St & 2 Ave,40.75118387,-73.97138715,10
517,Pershing Square South,40.751581,-73.97791,10
2022,E 60 St & York Ave,40.759107,-73.959223,10
324,DeKalb Ave & Hudson Ave,40.689888,-73.981013,10
3533,St. Nicholas Ave & W 126 St,40.8114323,-73.9518776,10
334,W 20 St & 7 Ave,40.74238787,-73.99726235,10
496,E 16 St & 5 Ave,40.73726186,-73.99238967,10
316,Fulton St & William St,40.70955958,-74.00653609,10
3914,West End Ave & W 78 St,40.783786,-73.981687,10
3648,Flushing Ave & Vanderbilt Ave,40.69795032,-73.9707756,10
360,William St & Pine St,40.70717936,-74.00887308,10
512,W 29 St & 9 Ave,40.7500727,-73.99839279,10
4104,Old Broadway & W 133 St,40.818212,-73.955277,10
3799,6 Ave & W 34 St,40.74964,-73.98805,10
3716,40 Ave & Crescent St,40.7535992,-73.93795609,10
3755,DeKalb Ave & Franklin Ave,40.69064807,-73.95746179,10
228,E 48 St & 3 Ave,40.7546011,-73.97187886,10
3689,W 104 St & Amsterdam Ave,40.79904139,-73.9664948,10
3298,Warren St & Court St,40.686371,-73.99383324,10
3392,Commerce St & Van Brunt St,40.6812117,-74.00860912,10
4017,E 138 St & 5 Av,40.81449,-73.936153,10
372,Franklin Ave & Myrtle Ave,40.69454609,-73.95801365,10
3547,Broadway & Moylan Pl,40.8143256,-73.9590255,10
4232,6 Ave & W 45 St,40.756951,-73.982631,10
3147,E 85 St & 3 Ave,40.77801203,-73.95407149,10
3814,E 56 St & Madison Ave,40.761573,-73.972628,10
3350,W 100 St & Broadway,40.7973721,-73.97041192,10
3731,W 47 St & 6 Ave,40.758397,-73.98255,10
3637,Fulton St & Waverly Ave,40.68323865,-73.96599591,10
3930,E 142 St & 3 Ave,40.812735,-73.923697,10
477,W 41 St & 8 Ave,40.75640548,-73.9900262,10
3537,Carlton Ave & Dean St,40.6809741,-73.9710097,10
4240,E 44 St & Lexington Ave,40.752643,-73.974996,10
4371,30 St & 4 Ave,40.657743,-74.001141,10
497,E 17 St & Broadway,40.73704984,-73.99009296,10
320,Leonard St & Church St,40.717571,-74.005549,10
4013,Convent Ave & W 151 St,40.82831,-73.942924,10
448,W 37 St & 10 Ave,40.75660359,-73.9979009,10
4233,2 Ave & E 29 St,40.74172351,-73.97809267,10
3423,West Drive & Prospect Park West,40.66106337,-73.97945255,10
4301,8 Ave & W 27 St,40.747968,-73.996637,10
361,Allen St & Hester St,40.71605866,-73.99190759,10
3112,Milton St & Franklin St,40.72906,-73.95779,10
3576,Park Pl & Vanderbilt Ave,40.6767,-73.969024,10
364,Lafayette Ave & Classon Ave,40.68900443,-73.96023854,10
4035,Broadway & W 153 St,40.831327,-73.946665,10
3699,W 50 St & 9 Ave,40.76360468,-73.98917958,10
3557,40 Ave & 9 St,40.75742,-73.945133,10
3834,Irving Ave & Halsey St,40.69467,-73.90663,10
3145,E 84 St & Park Ave,40.77862688,-73.95772073,10
3244,University Pl & E 8 St,40.73143724,-73.99490342,10
304,Broadway & Battery Pl,40.70463334,-74.01361706,10
3461,Murray St & Greenwich St,40.71485151,-74.01122332,10
3664,North Moore St & Greenwich St,40.72019521,-74.01030064,10
3584,Eastern Pkwy & Franklin Ave,40.6707767,-73.9576801,10
3054,Greene Ave & Throop Ave,40.6894932,-73.942061,10
3618,27 St & Hunter St,40.7485,-73.941275,10
415,Pearl St & Hanover Square,40.7047177,-74.00926027,10
3863,Central Ave & Woodbine St,40.69296,-73.91605,10
247,Perry St & Bleecker St,40.73535398,-74.00483091,10
3845,Irving Ave & Harman St,40.70108,-73.9179,10
4219,W 35 St & 9 Ave,40.75414519,-73.99608895,10
244,Willoughby Ave & Hall St,40.69196035,-73.96536851,10
3351,E 102 St & 1 Ave,40.7869946,-73.94164802,10
3591,21 St & 31 Dr,40.7659,-73.930819,10
270,Adelphi St & Myrtle Ave,40.69308257,-73.97178913,10
403,E 2 St & 2 Ave,40.72502876,-73.99069656,10
4130,Morris Ave & McClellan St,40.831584,-73.9149,10
4347,21 St & 4 Ave,40.662584,-73.995554,10
4153,E 165 St & Fox St,40.82394,-73.894025,10
4215,Hudson St & W 13 St,40.74005709,-74.00527418,10
533,Broadway & W 38 St,40.75299641,-73.98721619,10
4305,34 Ave & 31 St,40.75960447,-73.92714411,10
4066,Audobon Ave & W 179 St,40.847305,-73.933291,10
3571,Bedford Ave & Bergen St,40.676368,-73.952918,10
3593,31 St & Broadway,40.761584,-73.925921,10
492,W 33 St & 7 Ave,40.75019995,-73.99093085,10
3995,5 Ave & E 135 St,40.812191,-73.937838,10
422,W 59 St & 10 Ave,40.770513,-73.988038,10
3383,Cathedral Pkwy & Broadway,40.804213,-73.96699104,10
119,Park Ave & St Edwards St,40.69608941,-73.97803415,10
3172,W 74 St & Columbus Ave,40.7785669,-73.97754961,10
466,W 25 St & 6 Ave,40.74395411,-73.99144871,10
376,John St & William St,40.70862144,-74.00722156,10
4324,Ditmars Blvd & 73 St,40.76817,-73.896293,10
302,Avenue D & E 3 St,40.72082834,-73.97793172,10
515,W 43 St & 10 Ave,40.76009437,-73.99461843,10
3565,36 Ave & 10 St,40.7614376,-73.9411265,10
3167,Amsterdam Ave & W 73 St,40.77966809,-73.98093045,10
546,E 30 St & Park Ave S,40.74444921,-73.98303529,10
462,W 22 St & 10 Ave,40.74691959,-74.00451887,10
514,12 Ave & W 40 St,40.76087502,-74.00277668,10
2002,Wythe Ave & Metropolitan Ave,40.716887,-73.963198,10
238,Bank St & Washington St,40.7361967,-74.00859207,10
3290,E 89 St & York Ave,40.7779453,-73.946041,10
4266,50 St & 30 Ave,40.760083,-73.907107,10
3424,E 106 St & Lexington Ave,40.791976,-73.945993,10
3608,5 St & 51 Ave,40.7423737,-73.9566,10
3047,Halsey St & Tompkins Ave,40.6823687,-73.944118,10
4114,Sunken Meadow Comfort Station,40.79558,-73.91906,10
4072,W 48 St & Rockefeller Plaza,40.75793646,-73.97960275,10
232,Cadman Plaza E & Tillary St,40.69597683,-73.99014892,10
341,Stanton St & Mangin St,40.71782143,-73.97628939,10
297,E 15 St & 3 Ave,40.734232,-73.986923,10
356,Bialystoker Pl & Delancey St,40.71622644,-73.98261206,10
3309,E 97 St & 3 Ave,40.7859201,-73.94860294,10
3289,W 90 St & Amsterdam Ave,40.79017948,-73.97288918,10
3453,Devoe St & Lorimer St,40.71335226,-73.94910336,10
3856,Kingsland Ave & Nassau Ave,40.72577,-73.94173,10
3832,Central Ave & Weirfield St,40.69055,-73.91181,10
3161,W 76 St & Columbus Ave,40.78018397,-73.97728533,10
4005,St. Nicholas Terrace & Convent Ave,40.821294,-73.947868,10
3399,7 St & 3 Ave,40.67260298,-73.98983002,10
3166,Riverside Dr & W 72 St,40.78057799,-73.98562431,10
3370,E 78 St & 2 Ave,40.7727966,-73.95577801,10
3975,Brook Ave & E 157 St,40.820713,-73.911759,10
388,W 26 St & 10 Ave,40.74971775,-74.00295035,10
4229,Sheridan Ave & E 172 St,40.840494,-73.911479,10
472,E 32 St & Park Ave,40.7457121,-73.98194829,10
3891,Irving Ave & Palmetto St,40.698,-73.9127,10
3756,White St & Moore St,40.704508,-73.9351,10
3597,43 St & Broadway,40.7577284,-73.9166368,10
4093,Grand Concourse & E 161 St,40.827115,-73.92272,10
3610,Vernon Blvd & 30 Rd,40.770845,-73.934171,10
3917,Willoughby St & Ashland Pl,40.69178,-73.97877,10
4137,3 Ave & E 163 St,40.823872,-73.908699,10
4370,29 St & 5 Ave,40.656986,-73.998194,10
440,E 45 St & 3 Ave,40.75255434,-73.97282625,10
150,E 2 St & Avenue C,40.7208736,-73.98085795,10
3623,W 120 St & Claremont Ave,40.8109494,-73.9634,10
537,Lexington Ave & E 24 St,40.74025878,-73.98409214,10
3135,E 75 St & 3 Ave,40.77112927,-73.95772297,10
3065,Union Ave & Wallabout St,40.70029511,-73.95032283,10
3179,Park Ave & Marcus Garvey Blvd,40.698617,-73.941342,10
4317,51 St & Hobart St,40.757764,-73.907654,10
4001,Lenox Ave & W 146 St,40.821111,-73.935971,10
3927,Lenox Ave & W 133 St,40.81296,-73.941878,10
3469,India St & West St,40.73181402,-73.95995021,10
500,Broadway & W 51 St,40.76228826,-73.98336183,10
516,E 47 St & 1 Ave,40.75206862,-73.96784384,10
3592,Crescent St & Broadway,40.7633589,-73.9286471,10
522,E 51 St & Lexington Ave,40.75714758,-73.97207836,10
3321,Clinton St & Union St,40.6831164,-73.99785267,10
3898,E 63 St & 3 Ave,40.763954,-73.9646,10
3934,St Nicholas Ave & W 134 St,40.816234,-73.948222,10
3346,Berkeley Pl & 7 Ave,40.67514684,-73.97523209,10
3422,Columbia St & Degraw St,40.6859296,-74.00242364,10
3397,Court St & Nelson St,40.6763947,-73.99869893,10
4084,Sheridan Ave & E 168 St,40.835334,-73.9154,10
3072,Leonard St & Boerum St,40.70583339,-73.94644578,10
3308,Kane St & Clinton St,40.6861758,-73.99645295,10
82,St James Pl & Pearl St,40.71117416,-74.00016545,10
143,Clinton St & Joralemon St,40.69239502,-73.99337909,10
161,LaGuardia Pl & W 3 St,40.72917025,-73.99810231,10
3630,Frederick Douglass Blvd & W 115 St,40.8038654,-73.9559308,10
3440,Fulton St & Adams St,40.69241829,-73.98949474,10
3066,Tompkins Ave & Hopkins St,40.69957608,-73.94708417,10
354,Emerson Pl & Myrtle Ave,40.69363137,-73.96223558,10
3868,Knickerbocker Ave & Halsey St,40.693,-73.90824,10
3771,McKibbin St & Bogart St,40.706237,-73.933871,10
366,Clinton Ave & Myrtle Ave,40.693261,-73.968896,10
3307,West End Ave & W 94 St,40.7941654,-73.974124,10
528,2 Ave & E 31 St,40.74290902,-73.97706058,10
468,Broadway & W 56 St,40.7652654,-73.98192338,10
443,Bedford Ave & S 9 St,40.70853074,-73.96408963,10
281,Grand Army Plaza & Central Park S,40.7643971,-73.97371465,10
3687,E 33 St & 1 Ave,40.74322681,-73.97449784,10
3490,E 116 St & 2 Ave,40.796879,-73.937261,10
3545,Broadway & W 122 St,40.8120562,-73.9612547,10
3425,2 Ave & E 104 St,40.7892105,-73.94370784,10
3332,Degraw St & Hoyt St,40.68199044,-73.99079025,10
3715,Driggs Ave & N 9 St,40.71816969,-73.95520136,10
127,Barrow St & Hudson St,40.73172428,-74.00674436,10
4121,1 Ave & E 39 St,40.74714,-73.97113,10
301,E 2 St & Avenue B,40.72217444,-73.98368779,10
3236,W 42 St & Dyer Ave,40.75898481,-73.99379969,10
3086,Graham Ave & Conselyea St,40.715143,-73.944507,10
261,Johnson St & Gold St,40.69474881,-73.98362464,10
3074,Montrose Ave & Bushwick Ave,40.70767788,-73.94016171,10
224,Spruce St & Nassau St,40.71146364,-74.00552427,10
400,Pitt St & Stanton St,40.71926081,-73.98178024,10
3951,E 141 St & St Ann's Ave,40.808633,-73.916124,10
239,Willoughby St & Fleet St,40.69196566,-73.9813018,10
3492,E 118 St & Park Ave,40.8005385,-73.9419949,10
3668,Leonard St & Nassau Ave,40.72395678,-73.94984365,10
342,Columbia St & Rivington St,40.71739973,-73.98016555,10
3892,38 Ave & 29 St,40.75473,-73.93367,10
3803,Bedford Ave & Montgomery St,40.665816,-73.956934,10
410,Suffolk St & Stanton St,40.72066442,-73.98517977,10
3159,W 67 St & Broadway,40.77492513,-73.98266566,10
426,West St & Chambers St,40.71754834,-74.01322069,10
241,DeKalb Ave & S Portland Ave,40.68981035,-73.97493121,10
3777,Stockholm St & Wilson Ave,40.699304,-73.923044,10
3241,Monroe St & Tompkins Ave,40.686203,-73.944694,10
4004,Edgecombe Ave & W 141 St,40.820681,-73.945144,10
3088,Union Ave & Jackson St,40.7160751,-73.952029,10
3782,Brooklyn Bridge Park - Pier 2,40.698458,-73.997178,10
3243,E 58 St & 1 Ave (NE Corner),40.75892386,-73.96226227,10
128,MacDougal St & Prince St,40.72710258,-74.00297088,10
3721,31 St & Newtown Ave,40.76754878,-73.92093346,10
229,Great Jones St,40.72743423,-73.99379025,10
3602,31 Ave & 34 St,40.763154,-73.920827,10
389,Broadway & Berry St,40.71044554,-73.96525063,10
3041,Kingston Ave & Herkimer St,40.67890679,-73.94142771,10
3327,3 Ave & E 100 St,40.7877214,-73.94728331,10
116,W 17 St & 8 Ave,40.74177603,-74.00149746,10
4280,W 10 St & Washington St,40.73342399,-74.00851496,10
3131,E 68 St & 3 Ave,40.7671284,-73.96224618,10
3589,Broadway & 12 St,40.7668,-73.9347774,10
3349,Grand Army Plaza & Plaza St West,40.6729679,-73.97087984,10
3508,St Nicholas Ave & Manhattan Ave,40.809725,-73.953149,10
3998,W 135 St & Lenox Terrace Pl,40.813619,-73.939336,10
260,Broad St & Bridge St,40.70365182,-74.01167797,10
3354,3 St & Prospect Park West,40.668132,-73.97363831,10
3543,Morningside Dr & Amsterdam Ave,40.81028506,-73.95736456,10
3844,Myrtle Ave & Linden St,40.69943,-73.91337,10
4193,W 181 St & Riverside Dr,40.85168,-73.94186,10
3148,E 84 St & 1 Ave,40.77565541,-73.95068615,10
373,Willoughby Ave & Walworth St,40.69331716,-73.95381995,10
120,Lexington Ave & Classon Ave,40.68676793,-73.95928168,10
146,Hudson St & Reade St,40.71625008,-74.0091059,10
3527,5 Ave & E 126 St,40.80698,-73.941747,10
4016,Adam Clayton Powell Blvd & W 130 St,40.812346,-73.946168,10
420,Clermont Ave & Lafayette Ave,40.68764484,-73.96968902,10
3293,W 92 St & Broadway,40.7921,-73.9739,10
3969,St Ann's Ave & Westchester Ave,40.815887,-73.911918,10
3078,Broadway & Roebling St,40.70924826,-73.96063149,10
481,S 3 St & Bedford Ave,40.71260486,-73.96264403,10
3016,Kent Ave & N 7 St,40.72036775,-73.96165073,10
328,Watts St & Greenwich St,40.72405549,-74.00965965,10
3614,Crescent St & 30 Ave,40.768692,-73.9249574,10
3319,14 St & 5 Ave,40.666287,-73.98895053,10
3495,E 114 St & 1 Ave,40.7945663,-73.9362541,10
3544,Underhill Ave & Pacific St,40.6804836,-73.9646795,10
4163,Boone Ave & E 172 St,40.832649,-73.885272,10
3110,Meserole Ave & Manhattan Ave,40.72708584,-73.95299117,10
3736,E 12 St & Ave C,40.727243,-73.976831,10
3879,Broadway & Madison St,40.68822,-73.91966,10
3050,Putnam Ave & Throop Ave,40.6851532,-73.94111,10
3869,Van Buren St & Broadway,40.692,-73.92617,10
3582,Lincoln Pl & Classon Ave,40.6721683,-73.9609,10
3726,Center Blvd & 51 Ave,40.74336608,-73.95960689,10
3416,7 Ave & Park Pl,40.6776147,-73.97324283,10
3151,E 81 St & York Ave,40.7728384,-73.94989233,10
3095,Graham Ave & Herbert St,40.71929301,-73.94500379,10
3080,S 4 St & Rodney St,40.70934,-73.95608,10
351,Front St & Maiden Ln,40.70530954,-74.00612572,10
4024,Macombs Pl & W 152 St,40.826406,-73.937948,10
3429,Hanson Pl & Ashland Pl,40.68506807,-73.9779076,10
310,State St & Smith St,40.68926942,-73.98912867,10
3108,Nassau Ave & Russell St,40.72557,-73.94434,10
3377,Carroll St & Bond St,40.6786115,-73.99037292,10
3852,Stewart Ave & Johnson Ave,40.70869,-73.92587,10
4002,W 144 St & Adam Clayton Powell Blvd,40.820877,-73.939249,10
223,W 13 St & 7 Ave,40.73781509,-73.99994661,10
3124,46 Ave & 5 St,40.74731,-73.95451,10
3960,Hamilton Pl & W 140 St,40.822756,-73.951346,10
3154,E 77 St & 3 Ave,40.77314236,-73.95856158,10
3157,East End Ave & E 86 St,40.77518615,-73.94446054,10
265,Stanton St & Chrystie St,40.72229346,-73.99147535,10
4283,38 St & 30 Ave,40.76417452,-73.91583994,10
419,Carlton Ave & Park Ave,40.69580705,-73.97355569,10
3823,Beaver St & Fayette St,40.70099,-73.93921,10
3822,Bushwick Ave & Forrest St,40.70076,-73.93641,10
3759,Irving Ave & Jefferson St,40.70538,-73.92535,10
398,Atlantic Ave & Furman St,40.69165183,-73.9999786,10
4117,Sullivan Pl & Franklin Ave,40.66407984,-73.96025129,10
483,E 12 St & 3 Ave,40.73223272,-73.98889957,10
4289,31 St & 21 Ave,40.77813,-73.90842,10
3821,Evergreen Ave & Noll St,40.70106,-73.93318,10
3052,Lewis Ave & Madison St,40.686312,-73.935775,10
4244,W 36 St & 7 Ave,40.752149,-73.989539,10
3106,Driggs Ave & N Henry St,40.72325,-73.94308,10
529,W 42 St & 8 Ave,40.7575699,-73.99098507,10
4321,21 Ave & Crescent St,40.780478,-73.912212,10
490,8 Ave & W 33 St,40.751551,-73.993934,10
4103,Ogden Ave & W 165 St,40.834457,-73.928381,10
4331,48 St & 37 Ave,40.751555,-73.915026,10
4134,Longwood Ave & Southern Blvd,40.816343,-73.896447,10
3658,W 18 St & 9 Ave,40.74353373,-74.00367558,10
4122,Central Park W & W 97 St,40.79249519,-73.96417066,10
3893,Rockaway Ave & Bainbridge St,40.68319988,-73.91166642,10
501,FDR Drive & E 35 St,40.744219,-73.97121214,10
3499,2 Ave & E 122 St,40.8006721,-73.9349,10
3408,Congress St & Clinton St,40.6881529,-73.99520919,10
4075,Central Park West & W 85 St,40.78476,-73.969862,10
438,St Marks Pl & 1 Ave,40.72779126,-73.98564945,10
2010,Grand St & Greene St,40.72170005,-74.00238141,10
525,W 34 St & 11 Ave,40.75594159,-74.0021163,10
4329,35 St & 30 Ave,40.76547569,-73.91811579,10
315,South St & Gouverneur Ln,40.70355377,-74.00670227,10
3486,Schermerhorn St & Bond St,40.68841743,-73.98451656,10
3310,14 St & 7 Ave,40.663779,-73.98396846,10
3068,Humboldt St & Varet St,40.7031724,-73.940636,10
2017,E 43 St & 2 Ave,40.75022392,-73.97121414,10
3366,West End Ave & W 107 St,40.8021174,-73.96818053,10
4062,Amsterdam Ave & W 175 St,40.844044,-73.933651,10
3313,6 Ave & 12 St,40.6663181,-73.9854617,10
3605,31 Ave & Crescent St,40.7658346,-73.9265474,10
385,E 55 St & 2 Ave,40.75797322,-73.96603308,10
3502,Lexington Ave & E 111 St,40.7954121,-73.9441232,10
3864,Central Ave & Covert St,40.68929,-73.90951,10
3646,35 Ave & 10 St,40.76315482,-73.9398551,10
4000,Lenox Ave & W 144 St,40.819783,-73.936521,10
2006,Central Park S & 6 Ave,40.76590936,-73.97634151,10
4310,24 St & 38 Ave,40.756351,-73.936515,10
3338,2 Ave & E 99 St,40.7862586,-73.94552579,10
3686,Gansevoort St & Hudson St,40.7394482,-74.00507033,10
3357,W 106 St & Amsterdam Ave,40.8008363,-73.96644925,10
4327,21 St & 21 Ave,40.782465,-73.914527,10
3058,Lewis Ave & Kosciuszko St,40.69237074,-73.93705428,10
3763,Wyckoff Av & Jefferson St,40.707165,-73.923711,10
331,Pike St & Monroe St,40.71173107,-73.99193043,10
460,S 4 St & Wythe Ave,40.71285887,-73.96590294,10
3596,Sullivan Pl & Bedford Ave,40.6642406,-73.9574686,10
3070,McKibbin St & Manhattan Ave,40.70510918,-73.94407279,10
3496,1 Ave & E 110 St,40.7923272,-73.9383,10
3992,W 169 St & Fort Washington Ave,40.8428422,-73.9421253,10
4073,W 51 St & Rockefeller Plaza,40.75969996,-73.97808194,10
3518,Lenox Ave & W 126 St,40.808442,-73.9452087,10
3498,Pleasant Ave & E 120 St,40.7974772,-73.9311847,10
3521,Lenox Ave & W 111 St,40.7987859,-73.9523,10
3260,Mercer St & Bleecker St,40.72706363,-73.99662137,10
3563,28 St & 36 Ave,40.757186,-73.932719,10
216,Columbia Heights & Cranberry St,40.70037867,-73.99548059,10
3255,8 Ave & W 31 St,40.75058535,-73.99468482,10
4131,Goble Pl & Macombs Rd,40.844075,-73.917256,10
3300,Prospect Park West & 8 St,40.66514682,-73.97637606,10
4125,E 161 St & River Ave,40.827883,-73.927111,10
3303,Butler St & Court St,40.6849894,-73.99440329,10
4102,Grand Concourse & E 164 St,40.829608,-73.921461,10
3573,35 St & 34 Ave,40.7580583,-73.9242751,10
4143,Hunts Point Ave & Bryant Ave,40.813991,-73.8855,10
83,Atlantic Ave & Fort Greene Pl,40.68382604,-73.97632328,10
4212,Franklin Ave & E 169 St,40.83171,-73.90208,10
3738,Delancey St & Eldridge St,40.719383,-73.991479,10
3284,E 88 St & Park Ave,40.7814107,-73.95595908,10
3945,Amsterdam Ave & W 136 St,40.819746,-73.951819,10
4123,Central Park W & W 103 St,40.79603684,-73.96158904,10
3728,Pierrepont St & Monroe Pl,40.69535693,-73.99344027,10
3994,2 Ave & E 125 St,40.802554,-73.933509,10
4304,34th Ave & Vernon Blvd,40.7653538,-73.93986315,10
4052,Amsterdam Ave & W 162 St,40.83618,-73.939789,10
469,Broadway & W 53 St,40.76344058,-73.98268129,10
327,Vesey Pl & River Terrace,40.7153379,-74.01658354,10
3059,Pulaski St & Marcus Garvey Blvd,40.6933982,-73.939877,10
3724,7 Ave & Central Park South,40.76674056,-73.97906899,10
3761,Cedar St & Myrtle Ave,40.697842,-73.926241,10
3581,Underhill Ave & Lincoln Pl,40.6740123,-73.9671457,10
3494,E 115 St & Lexington Ave,40.797911,-73.9423,10
3963,Melrose Ave & E 150 St,40.816827,-73.917338,10
3500,E 115 St & Madison Ave,40.7989445,-73.944846,10
3130,21 St & Queens Plaza North,40.75325964,-73.94335788,10
3328,W 100 St & Manhattan Ave,40.795,-73.9645,10
3144,E 81 St & Park Ave,40.77677702,-73.9590097,10
3673,Dean St & Franklin Ave,40.67759207,-73.95563722,10
485,W 37 St & 5 Ave,40.75038009,-73.98338988,10
3876,Forest Ave & Summerfield St,40.69922,-73.89795,10
4195,E 167 St & Clay Ave,40.83094,-73.91125,10
4287,Steinway St & Ditmars Blvd,40.772717,-73.906127,10
3082,Hope St & Union Ave,40.71167351,-73.95141312,10
3601,Sterling St & Bedford Ave,40.6627059,-73.9569115,10
510,W 51 St & 6 Ave,40.7606597,-73.98042047,10
3910,Greene Ave & Grandview Ave,40.709697,-73.907856,10
4154,Faile St & Garrison Ave,40.820578,-73.888271,10
3996,Lexington Ave & E 128 St,40.806414,-73.936085,10
3249,Verona Pl & Fulton St,40.68035608,-73.9476791,10
3712,W 35 St & Dyer Ave,40.75469175,-73.99740189,10
3635,W 36 St & 9 Ave,40.75462324,-73.99516761,10
473,Rivington St & Chrystie St,40.72110063,-73.9919254,10
3364,Carroll St & 5 Ave,40.6751622,-73.9814832,10
4056,Broadway & W 165 St,40.839137,-73.941409,10
3809,W 55 St & 6 Ave,40.763189,-73.978434,10
335,Washington Pl & Broadway,40.72903917,-73.99404649,10
3048,Putnam Ave & Nostrand Ave,40.68402,-73.94977,10
3575,Crescent St & 34 Ave,40.76108,-73.930562,10
3507,Park Ave & E 124 St,40.8045555,-73.9396861,10
3926,5 Ave & W 131 St,40.81014,-73.93973,10
3708,W 13 St & 5 Ave,40.735445,-73.99431,10
3246,Montague St & Clinton St,40.69428114,-73.99230033,10
3152,3 Ave & E 71 St,40.76873687,-73.96119945,10
313,Washington Ave & Park Ave,40.69610226,-73.96751037,10
4156,Fulton Ave & St. Paul's Pl,40.83545,-73.90153,10
153,E 40 St & 5 Ave,40.75206231,-73.9816324,10
4133,Beck St & Leggett Ave,40.815077,-73.899939,10
4342,16th St & 4th Ave,40.666197,-73.992466,10
3286,E 89 St & 3 Ave,40.7806284,-73.9521667,10
3569,Franklin Ave & St Marks Ave,40.6758324,-73.9561677,10
274,Lafayette Ave & Fort Greene Pl,40.68691865,-73.976682,10
3394,Columbia St & W 9 St,40.6769993,-74.00647134,10
362,Broadway & W 37 St,40.75172632,-73.98753523,10
2008,Little West St & 1 Pl,40.70569254,-74.01677685,10
4312,Shore Blvd & Astoria Park,40.77977,-73.923162,10
4098,Shakespeare Ave & W 169 St,40.839312,-73.922423,10
267,Broadway & W 36 St,40.75097711,-73.98765428,10
4373,5 Ave & 41 St,40.649983,-74.005144,10
282,Kent Ave & S 11 St,40.70764494,-73.96841526,10
3786,Division St & Bowery,40.714193,-73.996732,10
4174,3 Ave & E 170 St,40.834857,-73.903743,10
4257,43 St & 37 Ave,40.750181,-73.919998,10
4040,Madison Ave & E 26 St,40.74268473,-73.98671329,10
3390,E 109 St & 3 Ave,40.79329668,-73.9432083,10
3949,Brook Ave & E 138 St,40.807408,-73.91924,10
4028,Frederick Douglass Blvd & Harlem River Dr,40.830702,-73.936371,10
4333,E 5 St & Cooper Sq,40.72769,-73.990993,10
3603,31 Ave & 30 St,40.7647,-73.9240312,10
4236,W 54 St & 11 Ave,40.768333,-73.992573,10
3770,Central Ave & Flushing Ave,40.702831,-73.9333,10
4303,Steinway St & Broadway,40.75905795,-73.91897544,10
3420,Douglass St & 3 Ave,40.6802133,-73.98432695,10
3997,5 Av & W 139 St,40.815484,-73.935856,10
3968,Prospect Ave & E 151 St,40.814232,-73.903927,10
3340,Wolcott St & Dwight St,40.6753274,-74.0100698,10
3443,W 52 St & 6 Ave,40.76132983,-73.97982001,10
3060,Willoughby Ave & Tompkins Ave,40.69425403,-73.94626915,10
3959,Edgecombe Ave & W 145 St,40.823498,-73.94386,10
3817,Withers St & Kingsland Ave,40.71773,-73.94051,10
3745,36 Ave & 31 St,40.75651273,-73.92957486,10
3780,Wyckoff Av & Stanhope St,40.703545,-73.917775,10
3776,Central Ave & Starr Street,40.700003,-73.92834,10
3311,Columbia St & Kane St,40.68763155,-74.0016256,10
4111,E 27 St & Park Ave S,40.7427518,-73.98471572,10
3588,Vernon Blvd & 10 St,40.7671863,-73.9373554,10
3628,Lenox Ave & W 117 St,40.8025566,-73.9490782,10
4095,E 165 St & Jerome Ave,40.83263,-73.925101,10
3965,E 149 St & Eagle Ave,40.814046,-73.91186,10
4060,Amsterdam Ave & W 172 St,40.842173,-73.935111,10
4160,Washington Ave & E 174 St,40.843079,-73.900216,10
3843,Myrtle Ave & Grove St,40.69905,-73.91516,10
3513,21 St & Hoyt Ave S,40.774645,-73.923706,10
3525,23 Ave & 27 St,40.776165,-73.9153175,10
4157,Boston Rd & Prospect Ave,40.833246,-73.896599,10
3953,W 147 St & Adam Clayton Powell Blvd,40.82281,-73.937413,10
3820,Willoughby Ave & Myrtle Ave,40.69757,-73.93098,10
3907,Central Ave & Melrose St,40.70112,-73.93039,10
3137,5 Ave & E 72 St,40.77282817,-73.96685276,10
3764,Bushwick Ave & McKibbin St,40.705517,-73.93936,10
3860,Wilson Ave & Troutman St,40.70166,-73.92754,10
144,Nassau St & Navy St,40.69839895,-73.98068914,10
3235,E 41 St & Madison Ave,40.75216528,-73.97992194,10
3944,Convent Ave & W 135 St,40.818215,-73.950988,10
3536,W 116 St & Broadway,40.8082,-73.9641,10
456,E 53 St & Madison Ave,40.7597108,-73.97402311,10
3100,Nassau Ave & Newell St,40.72481256,-73.94752622,10
3400,E 110 St & Madison Ave,40.7961535,-73.94782145,10
4203,Westchester Ave & Southern Blvd,40.824956,-73.891677,10
4379,34 St & 4 Ave,40.655278,-74.003101,10
4419,44 St & 6 Ave,40.647105,-74.004483,10
3870,Melrose St & Broadway,40.697481,-73.935877,10
4105,Concourse Village West & E 156 St,40.823162,-73.923267,10
257,Lispenard St & Broadway,40.71939226,-74.00247214,10
3514,Astoria Park S & Shore Blvd,40.7767,-73.927631,10
437,Macon St & Nostrand Ave,40.68098339,-73.95004798,10
3375,3 Ave & E 72 St,40.7699426,-73.96060712,10
3595,35 St & Broadway,40.760339,-73.9222427,10
3933,Gerard Ave & E 146 St,40.817755,-73.92965,10
3955,St Mary's St & Jackson Ave,40.808891,-73.91081,10
3129,Queens Plaza North & Crescent St,40.75110165,-73.94073717,10
3083,Bushwick Ave & Powers St,40.71247661,-73.94100005,10
3555,28 St & 41 Ave,40.751047,-73.93797,10
4110,Avenue D & E 10 St,40.72506551,-73.97515833,10
3430,Richardson St & N Henry St,40.71907891,-73.9422369,10
4352,McDonald Ave & Vanderbilt St,40.651654,-73.981231,10
4087,W 170 St & University Ave,40.84207,-73.926075,10
3883,Harman St & Seneca Ave,40.70577,-73.91292,10
3865,Knickerbocker Ave & Cooper St,40.69081,-73.90448,10
436,Hancock St & Bedford Ave,40.68216564,-73.95399026,10
3604,Rogers Ave & Sterling St,40.6630619,-73.9538746,10
4256,25 Ave & 41 St,40.767666,-73.910963,10
3467,W Broadway & Spring St,40.72494672,-74.00165856,10
534,Water - Whitehall Plaza,40.70255065,-74.0127234,10
4057,Amsterdam Ave & W 167 St,40.839443,-73.937044,10
4220,Frederick Douglass Blvd & W 145 St,40.823061,-73.941928,10
379,W 31 St & 7 Ave,40.749156,-73.9916,10
4251,Nelson Ave & 167 St,40.83670567,-73.92608866,10
332,Cherry St,40.71219906,-73.97948148,10
4345,Windsor Pl & 8 Ave,40.660906,-73.983074,10
3356,Amsterdam Ave & W 66 St,40.7746671,-73.98470567,10
3368,5 Ave & 3 St,40.6728155,-73.98352355,10
3411,Bond St & Bergen St,40.6849668,-73.98620772,10
3842,Bushwick Ave & Dekalb Ave,40.69502,-73.92825,10
4337,E 1 St & 1 Ave,40.72335598,-73.98864985,10
3804,Front St & Jay St,40.702461,-73.986842,10
4070,W 180 St & Ft Washington Ave,40.849972,-73.938423,10
3621,27 Ave & 9 St,40.7739825,-73.9309134,10
3972,E 158 St & Melrose Ave,40.822215,-73.914688,10
3233,E 48 St & 5 Ave,40.75724568,-73.97805914,10
3774,Knickerbocker Ave & George St,40.704425,-73.92836,10
3566,Crescent St & 35 Ave,40.7596276,-73.9321455,10
4151,3 Ave & E 169 St,40.832678,-73.905158,10
3835,Knickerbocker Ave & Hancock St,40.69385,-73.90974,10
3071,Boerum St & Broadway,40.70538077,-73.94976519,10
3044,Albany Ave & Fulton St,40.6800105,-73.938475,10
531,Forsyth St & Broome St,40.71893904,-73.99266288,10
3121,Jackson Ave & 46 Rd,40.74524768,-73.94733276,10
3505,Lexington Ave & E 127 St,40.805726,-73.936322,10
259,South St & Whitehall St,40.70122128,-74.01234218,10
3064,Myrtle Ave & Lewis Ave,40.69681963,-73.93756926,10
359,E 47 St & Park Ave,40.75510267,-73.97498696,10
3457,E 58 St & Madison Ave,40.76302594,-73.97209525,10
3559,21 St & 38 Ave,40.7576314,-73.9391224,10
3221,47 Ave & 31 St,40.743,-73.93561,10
3343,W 107 St & Columbus Ave,40.7997568,-73.96211287,10
3704,47 Ave & Skillman Ave,40.74375241,-73.94176483,10
3787,Dock 72 Way & Market St,40.69985,-73.97141,10
3986,E 149 St & Morris Ave,40.81734,-73.922962,10
3345,Madison Ave & E 99 St,40.78948542,-73.95242929,10
4065,Wadsworth Ave & W 179 St,40.848467,-73.936064,10
343,Clinton Ave & Flushing Ave,40.69794,-73.96986848,10
3813,W 20 St & 10 Ave,40.745686,-74.005141,10
465,Broadway & W 41 St,40.75513557,-73.98658032,10
3119,Vernon Blvd & 50 Ave,40.74232744,-73.95411749,10
2000,Front St & Washington St,40.70255088,-73.98940236,10
3819,Green St & McGuinness Blvd,40.73396,-73.95204,10
3297,6 St & 7 Ave,40.6686627,-73.97988067,10
3231,E 67 St & Park Ave,40.7678008,-73.96592081,10
3136,5 Ave & E 63 St,40.766368,-73.971518,10
3362,Madison Ave & E 82 St,40.7781314,-73.96069399,10
3417,Baltic St & 5 Ave,40.6795766,-73.97854971,10
3570,35 Ave & 37 St,40.7557327,-73.9236611,10
3118,McGuinness Blvd & Eagle St,40.73555,-73.95284,10
3572,34 Ave & 38 St,40.756913,-73.921631,10
406,Hicks St & Montague St,40.69512845,-73.99595065,10
4058,Madison Av & E 51 St,40.75863,-73.97513,10
3837,Broadway & Kosciuszko St,40.69329,-73.92852,10
330,Reade St & Broadway,40.71450451,-74.00562789,10
3818,Calyer St & Jewel St,40.72984,-73.94839,10
4166,River Ave & E 153 St,40.82441,-73.92818,10
3325,E 95 St & 3 Ave,40.7849032,-73.950503,10
249,Harrison St & Hudson St,40.71870987,-74.0090009,10
4285,46 St & 25 Ave,40.765753,-73.90676,10
3139,E 72 St & Park Ave,40.77118288,-73.96409422,10
484,W 44 St & 5 Ave,40.75500254,-73.98014437,10
3526,31 St & 23 Ave,40.7747878,-73.9125551,10
3785,W 42 St & 6 Ave,40.75492,-73.98455,10
4063,Wadsworth Ave & W 175 St,40.846052,-73.937648,10
396,Lefferts Pl & Franklin Ave,40.68034242,-73.95576894,10
3781,Greene Av & Myrtle Av,40.698568,-73.918877,10
4239,E 50 St & Park Ave,40.757334,-73.974235,10
3798,W 40 St & 5 Ave,40.752269,-73.982079,10
3418,Plaza St West & Flatbush Ave,40.6750207,-73.97111473,10
3654,31 St & Northern Blvd,40.75186951,-73.9334929,10
3517,31 St & Hoyt Ave N,40.7711528,-73.9170074,10
4323,20 Ave & 33 St,40.779399,-73.905708,10
3855,Frost St & Debevoise Ave,40.71882,-73.93948,10
4248,Old Slip & South St,40.70336687,-74.00786787,10
4200,E 174 St & Walton Ave,40.844811,-73.912042,10
309,Murray St & West St,40.7149787,-74.013012,10
3359,E 68 St & Madison Ave,40.7691572,-73.96703464,10
3622,E 128 St & Madison Ave,40.80756,-73.939182,10
4011,Westchester Ave & Jackson Ave,40.816124,-73.908116,10
4264,48 St & Broadway,40.755763,-73.912715,10
3055,Greene Ave & Nostrand Ave,40.6883337,-73.950916,10
3989,Willis Ave & E 137 St,40.808384,-73.923604,10
4037,Roosevelt Island Tramway,40.757284,-73.9536,10
3516,31 St & Astoria Blvd,40.7699176,-73.9184057,10
3795,10 St & 2 Ave,40.671907,-73.993612,10
3463,E 16 St & Irving Pl,40.73536706,-73.98797393,10
3081,Graham Ave & Grand St,40.711863,-73.944024,10
3395,Henry St & W 9 St,40.6763744,-74.00324957,10
4290,20 Ave & 38 St,40.777112,-73.902382,10
3452,Bayard St & Leonard St,40.71915572,-73.94885391,10
3493,E 118 St & 3 Ave,40.799139,-73.9389152,10
3335,Union St & 4 Ave,40.6772744,-73.98282002,10
3049,Cambridge Pl & Gates Ave,40.68488,-73.96304,10
3304,6 Ave & 9 St,40.668127,-73.98377641,10
3558,Bergen St & Vanderbilt Ave,40.6794388,-73.9680438,10
3942,Broadway & W 133 St,40.8190344,-73.956156,10
4292,Hazen St & 20 Ave,40.772092,-73.895166,10
377,6 Ave & Canal St,40.72243797,-74.00566443,10
3373,3 St & 3 Ave,40.6750705,-73.98775226,10
4205,Crotona Park North & Prospect Ave,40.841092,-73.892317,10
303,Mercer St & Spring St,40.72362738,-73.99949601,10
3676,Van Brunt St & Van Dyke St,40.67583294,-74.01472628,10
4302,21 St & 23 Ave,40.778557,-73.919046,10
3384,Smith St & 3 St,40.6787242,-73.99599099,10
3063,Nostrand Ave & Myrtle Ave,40.69527008,-73.95238108,10
3620,11 St & 43 Ave,40.7519071,-73.9479119,10
3874,Menahan St & Seneca Ave,40.70461,-73.91054,10
4206,Southern Blvd & E 149 St,40.811892,-73.904192,10
3690,Park Pl & Church St,40.71334184,-74.00935516,10
4313,46 St & 28 Ave,40.763328,-73.908782,10
4192,Prospect Ave & E 167 St,40.826303,-73.898751,10
4201,Clay Ave & Claremont Pkwy,40.83999,-73.90549,10
3693,N 11 St & Kent Ave,40.72248189,-73.95921931,10
4351,11 Ave & Prospect Ave,40.65629,-73.977335,10
3292,5 Ave & E 93 St,40.7857851,-73.957481,10
245,Myrtle Ave & St Edwards St,40.69327018,-73.97703874,10
4036,Motorgate,40.7639089,-73.9477213,10
3386,1 Pl & Clinton St,40.6809591,-73.99905709,10
4112,Wards Meadow Comfort Station,40.78294,-73.93077,10
4247,Riverside Dr & W 153 St,40.832164,-73.949702,10
3324,3 Ave & 14 St,40.6685455,-73.99333264,10
3882,Norman St & Wyckoff Ave,40.69517,-73.90311,10
390,Duffield St & Willoughby St,40.69221589,-73.9842844,10
3419,Douglass St & 4 Ave,40.6792788,-73.98154004,10
3931,Morris Ave & E 142 St,40.814469,-73.924963,10
3361,Carroll St & 6 Ave,40.6740886,-73.9787282,10
3772,Devoe St & Morgan Ave,40.713811,-73.93515,10
4161,3 Ave & E 174 St - Bathgate Vaccination Site,40.84224,-73.8985,10
3612,30 Ave & 21 St,40.7703743,-73.9286078,10
4148,Intervale Ave & Westchester Ave,40.821967,-73.896752,10
3403,4 Ave & 9 St,40.6705135,-73.98876585,10
3347,Van Brunt St & Wolcott St,40.6773429,-74.01275056,10
4349,7 Ave & 20 St,40.659053,-73.98854,10
3714,Division Ave & Hooper St,40.70684203,-73.9544354,10
471,Grand St & Havemeyer St,40.71286844,-73.95698119,10
3393,Richards St & Delavan St,40.6794327,-74.00785041,10
4055,W 165 St & Fort Washington Ave,40.84004,-73.942939,10
3391,E 106 St & 1 Ave,40.7892529,-73.93956237,10
3866,Wilson Ave & Moffat St,40.68906,-73.90506,10
3629,Adam Clayton Powell Blvd & W 126 St,40.80949535,-73.94776493,10
4262,38 St & Northern Blvd,40.752372,-73.925384,10
4318,Broadway & 49 St,40.755389,-73.911517,10
3069,Lorimer St & Broadway,40.70411791,-73.94818595,10
3554,Vernon Blvd & 41 Rd,40.7552433,-73.9485678,10
3398,Smith St & 9 St,40.6746957,-73.99785768,10
3478,2 Ave & 36 St,40.65708867,-74.00870204,10
4184,Southern Blvd & E 174 St,40.836733,-73.887931,10
3472,W 15 St & 10 Ave,40.74275383,-74.00747359,10
3388,President St & Henry St,40.6828003,-73.99990419,10
4109,Amsterdam Ave & W 183 St,40.84925,-73.93022,10
3768,Waterbury St & Stagg St,40.71019,-73.93734,10
3881,12 Ave & W 125 St,40.818299,-73.960405,10
3389,Carroll St & Columbia St,40.6830456,-74.00348559,10
4029,Courtlandt Ave & E 149 St,40.816402,-73.919549,10
3964,Brook Ave & E 148 St,40.814383,-73.915368,10
3901,Stanhope St & Fairview Ave,40.70998,-73.91116,10
3056,Kosciuszko St & Nostrand Ave,40.69072549,-73.95133465,10
3128,21 St & 43 Ave,40.75052534,-73.94594845,10
3524,19 St & 24 Ave,40.7774552,-73.9225403,10
3740,W Broadway & W Houston St,40.726378,-74.000472,10
3515,24 Ave & 26 St,40.774591,-73.918544,10
4296,Steinway St & 19 Ave,40.778089,-73.899558,10
217,Old Fulton St,40.70277159,-73.99383605,10
3808,24 St & 41 Ave,40.752474,-73.939991,10
248,Laight St & Hudson St,40.72185379,-74.00771779,10
3520,Adam Clayton Powell Blvd & W 118 St,40.804372,-73.951475,10
3387,E 106 St & Madison Ave,40.7934337,-73.94945003,10
386,Centre St & Worth St,40.71494807,-74.00234482,10
3758,George St & Wilson Ave,40.702997,-73.92997,10
3936,W 133 St & 12 Ave,40.820003,-73.959089,10
3775,Suydam St & Knickerbocker Ave,40.702013,-73.923769,10
3405,5 St & 6 Ave,40.6704836,-73.98208968,10
152,Warren St & W Broadway,40.71473993,-74.00910627,10
3976,E 156 & Brook Ave,40.819823,-73.912411,10
4007,Riverside Dr & W 138 St,40.823168,-73.955857,10
3851,Metropolitan Ave & Stewart Ave,40.71401,-73.92793,10
3412,Pacific St & Nevins St,40.6853761,-73.98302136,10
3523,24 Ave & 29 St,40.7729,-73.916142,10
3317,10 St & 5 Ave,40.6686273,-73.98700053,10
3043,Lewis Ave & Decatur St,40.6814598,-73.934903,10
3609,Vernon Blvd & 31 Ave,40.7692475,-73.9354504,10
4306,35 St & 23 Ave,40.77301508,-73.91119033,10
3727,Frost St & Meeker Ave,40.71766197,-73.94880027,10
3404,7 St & 5 Ave,40.6704922,-73.98541675,10
3977,Prospect Ave & Longwood Ave,40.81899,-73.90202,10
3542,Amsterdam Ave & W 119 St,40.8086249,-73.9596214,10
4277,20 Ave & 42 St,40.775415,-73.900063,10
3123,31 St & Thomson Ave,40.74469738,-73.93540375,10
3302,Columbus Ave & W 103 St,40.7969347,-73.96434123,10
3337,Dwight St & Van Dyke St,40.67363551,-74.01195556,10
3978,Cauldwell Ave & E 161 St,40.82188,-73.907521,10
4115,Bronx Shore Comfort Station,40.80046,-73.92404,10
3105,N 15 St & Wythe Ave,40.724055,-73.955736,10
3999,Adam Clayton Powell Blvd & W 138 St,40.81695971,-73.94229591,10
3790,Henry St & Middagh St,40.7003,-73.991581,10
3885,Onderdonk Ave & Gates Ave,40.70413,-73.90737,10
4328,W 167 St & St. Nicholas Ave,40.840124,-73.93949,10
3850,Jefferson St & Cypress Ave,40.70907,-73.92157,10
3331,Riverside Dr & W 104 St,40.8013434,-73.97114574,10
2005,Railroad Ave & Kay Ave,40.70531194,-73.97100056,10
3816,Metropolitan Ave & Vandervoort Ave,40.71429,-73.93323,10
3762,3 Ave & Carroll St,40.677027,-73.9865,10
3577,34 Ave & 21 St,40.7628138,-73.9342862,10
4415,2 Av & 37 St,40.656326,-74.009627,10
3973,St Nicholas Ave & W 150 St,40.827212,-73.942722,10
3779,Hart St & Wyckoff Ave,40.704876,-73.919911,10
4263,30 Ave & 41 St,40.763422,-73.914142,10
4094,Park Ave & E 162 St,40.825716,-73.915585,10
3117,Franklin St & Dupont St,40.73564,-73.95866,10
3583,Eastern Pkwy & Washington Ave,40.6716493,-73.9631145,10
4218,Spruce St & Gold St,40.7103231,-74.0043228,10
3900,Morgan Ave & Lombardy St,40.72226,-73.93889,10
4108,Clay Ave & E 173 St,40.843264,-73.904867,10
3828,Eldert St & Bushwick Ave,40.68652,-73.91321,10
3586,34 Ave & 13 St,40.7638753,-73.9364848,10
3102,Driggs Ave & Lorimer St,40.72179134,-73.9504154,10
3509,Lenox Ave & W 115 St,40.8011939,-73.9500739,10
3899,Manhattan Av & Leonard St,40.72084,-73.94844,10
3503,Madison Ave & E 120 St,40.80295,-73.942954,10
3980,Amsterdam Ave & W 152 St,40.829523,-73.944279,10
3057,Kosciuszko St & Tompkins Ave,40.69128258,-73.9452416,10
3838,Bushwick Ave & Harman St,40.69356,-73.92524,10
3407,Union St & Nevins St,40.679098,-73.98765475,10
3122,48 Ave & 5 St,40.74436329,-73.95587325,10
4020,Bradhurst Ave & W 148 St,40.825125,-73.941616,10
3857,Engert Ave & McGuinness Blvd,40.72158,-73.94546,10
4050,W 159 St & Edgecombe Ave,40.833303,-73.939326,10
4018,Broadway & W 131 St,40.817555,-73.957163,10
3757,Stagg St & Morgan Ave,40.710681,-73.93372,10
4374,48 St & 2 Ave,40.650176,-74.015606,10
3840,Putnam Ave & Wyckoff Ave,40.69811,-73.90904,10
3590,Carroll St & Franklin Ave,40.6679411,-73.9588,10
3396,Clinton St & 4 Place,40.6783563,-74.00014502,10
4181,Hoe Ave & Jennings St,40.832171,-73.889686,10
397,Fulton St & Clermont Ave,40.68415748,-73.96922273,10
3574,Prospect Pl & Underhill Ave,40.6769694,-73.96579,10
4332,Morris Ave & E 163 St,40.8272305,-73.9176558,10
3085,Roebling St & N 4 St,40.71469,-73.95739,10
4274,35 St & 21 Ave,40.776745,-73.906558,10
3847,Cedar St & Evergreen Ave,40.69671,-73.92807,10
4061,Fort Washington Ave & W 173 St,40.84522,-73.940493,10
4207,Sherman Ave & E 166 St,40.83130549,-73.91744792,10
3322,12 St & 4 Ave,40.668603,-73.9904394,10
3075,Division Ave & Marcy Ave,40.70708701,-73.95796783,10
4096,Grand Concourse & E 167 St,40.834263,-73.917641,10
4291,20 Ave & 48 St,40.772899,-73.896849,10
3456,Jackson St & Leonard St,40.71638032,-73.94821286,10
3477,39 St & 2 Ave,40.65539977,-74.01062787,10
3606,49 Ave & 21 St,40.74252,-73.948852,10
4030,Courtlandt Ave & E 157 St,40.822267,-73.916792,10
4186,E 149 St & Park Ave,40.818154,-73.925294,10
3381,3 St & Hoyt St,40.6777287,-73.99364123,10
4294,76 St & 21 Ave,40.77028,-73.893675,10
4308,E 170 St & Sheridan Ave,40.838315,-73.912604,10
3344,Pioneer St & Van Brunt St,40.679043,-74.011169,10
4021,E 138 St & Grand Concourse,40.813224,-73.930605,10
4387,58 St & 2 Ave - Brooklyn Army Terminal Vaccination Site,40.644512,-74.021506,10
3546,Pacific St & Classon Ave,40.6791944,-73.9587903,10
4167,Grand Concourse & East Mount Eden Ave,40.84301,-73.91172,10
4222,River Ave & E 151 St,40.822217,-73.928939,10
3911,Wyckoff St & Nevins St,40.683426,-73.984275,10
3873,Madison St & Cypress Ave,40.70068,-73.90742,10
4168,Mount Eden Pkwy & Eastburn Ave,40.842675,-73.908544,10
3853,Harrison Pl & Porter Ave,40.70686,-73.92851,10
3811,27 Ave & 3 St,40.77485,-73.9342,10
3877,Madison St & Forest Ave,40.70555,-73.90245,10
3924,Lincoln Ave & E 138 St,40.810893,-73.927311,10
3918,Avenue D & E 8 St,40.72387,-73.975767,10
3946,St Nicholas Ave & W 137 St,40.818477,-73.947568,10
3053,Marcy Ave & Lafayette Ave,40.6900815,-73.947915,10
3854,Morgan Ave & Maspeth Ave,40.716657,-73.93637,10
4325,21 Ave & 80 St,40.770888,-73.889914,10
4136,Washington Ave & E 163 St,40.824,-73.91089,10
3982,Bergen Ave & E 152 St,40.817166,-73.914737,10
4381,42 St & 1 Ave,40.654798,-74.014372,10
4343,3 Ave & 17 St,40.666168,-73.995549,10
4091,Jerome Ave & Ogden Ave,40.829797,-73.931015,10
4388,44 St & 2 Ave,40.652502,-74.013587,10
427,Bus Slip & State St,40.701907,-74.013942,10
3352,Sigourney St & Columbia St,40.67267243,-74.00879525,10
4179,Freeman St & Southern Blvd,40.830051,-73.892103,10
3528,Steinway St & 23 Ave,40.7713937,-73.9077436,10
4390,46 St & 6 Ave,40.645921,-74.005708,10
4014,Riverside Dr & W 148 St,40.829114,-73.950426,10
3909,Madison St & Woodward Ave,40.70408,-73.90408,10
3925,E 138 St & Canal St W,40.812304,-73.929153,10
4139,Tinton Ave & E 165 St,40.824796,-73.90242,10
4171,Boston Rd & E 167 St,40.828199,-73.903719,10
3531,Frederick Douglass Blvd & W 129 St,40.8125511,-73.9492286,10
4113,Icahn Stadium,40.79346,-73.92389,10
3825,Broadway & Furman Ave,40.68139,-73.90756,10
3872,Hancock St & Wyckoff Ave,40.6972,-73.90674,10
3691,28 Ave & 44 St,40.76408932,-73.91065121,10
3661,Montgomery St & Franklin Ave,40.66643931,-73.96055639,10
3326,Clinton St & Centre St,40.67434,-74.00194698,10
4054,W 163 St & Riverside Dr,40.839278,-73.945446,10
3611,Vernon Blvd & 47 Rd,40.7449067,-73.9534573,10
4152,Fulton Ave & E 168 St,40.830471,-73.904556,10
4348,6 Ave & 21 St,40.66016,-73.990974,10
3649,W 129 St & Convent Ave,40.81439444,-73.95324737,10
3880,Willoughby Ave & Onderdonk Ave,40.7098,-73.91727,10
3585,Union St & Bedford Ave,40.6691783,-73.9554162,10
3348,Coffey St & Conover St,40.677236,-74.015665,10
4340,"Clinton St	& Cherry St",40.71147139,-73.98672603,10
3952,E 141 St & Jackson Ave,40.806896,-73.911837,10
4078,Concourse Village East & E 158 St,40.823732,-73.919379,10
3773,Knickerbocker Ave & Thames St,40.70539,-73.92976,10
4147,E 163 St & Tiffany St,40.821075,-73.895069,10
4199,River Ave & McClellan St,40.83406,-73.92243,10
4353,Prospect Ave & Vanderbilt St,40.653368,-73.976291,10
4010,W 145 St & Amsterdam Ave,40.825244,-73.947257,10
4254,34 St & 38 Ave,40.752443,-73.929737,10
4273,Ditmars Blvd & 48 St,40.769219,-73.901001,10
3826,Moffat St & Bushwick,40.68458,-73.90925,10
3829,Central Ave & Decatur St,40.6882,-73.90798,10
4271,31 Ave & 61 St,40.757525,-73.901614,10
3760,Willoughby Ave & Wyckoff Ave,40.705614,-73.92153,10
3568,34 St & 35 Ave,40.7569332,-73.9262231,10
3767,Powers St & Olive St,40.71323,-73.93894,10
3929,Willis Ave & E 141 St,40.81093,-73.921606,10
3421,Hoyt St & Warren St,40.6843549,-73.98901629,10
3841,Menahan St & Central Ave,40.69543,-73.9196,10
3833,Madison St & Evergreen Ave,40.69122,-73.91693,10
289,Monroe St & Classon Ave,40.6845683,-73.95881081,10
4081,Gerard Ave & E 165 St,40.83173,-73.922394,10
4164,E 174 St & Longfellow Ave,40.836274,-73.884308,10
4064,Southern Blvd & E 142 St,40.80734744,-73.90809774,10
3940,E 134 St & Walnut Ave,40.800425,-73.911034,10
3342,Pioneer St & Richards St,40.6777748,-74.0094613,10
3939,Willow Ave & E 133 St,40.800933,-73.913863,10
4410,41 St & 4 Ave,40.651354,-74.007168,10
4204,E 167 St & Bryant Ave,40.826706,-73.888719,10
4059,W 171 St & St. Nicholas Ave,40.842941,-73.938631,10
3766,Sharon St & Olive St,40.715353,-73.93856,10
3903,Jefferson Ave & Evergreen Ave,40.68989,-73.91458,10
4009,Riverside Dr & W 145 St,40.827305,-73.951989,10
4255,42 Pl & Northern Blvd,40.753091,-73.920603,10
3958,Willis Ave & E 143 St,40.812299,-73.92037,10
3895,Cypress Ave & Palmetto St,40.70157341,-73.90876293,10
4173,Longfellow Ave & E 165 St,40.825322,-73.887729,10
3957,E 144 St & Brook Ave,40.811675,-73.917037,10
4275,21 Ave & Shore Blvd,40.783956,-73.916894,10
4132,Southern Blvd & Avenue St. John,40.812769,-73.901583,10
4358,Ft. Hamilton Pkwy & E 5 St,40.649037,-73.97673,10
4267,Bulova Ave & Brooklyn Queens Expressway W,40.762507,-73.902534,10
4006,E 147 St & Bergen Ave,40.814673,-73.91839,10
3862,Linden St & Knickerbocker Ave,40.69714,-73.91566,10
4270,62 St & Northern Blvd,40.754176,-73.900318,10
3529,Lenox Ave & W 130 St,40.8107922,-73.9430681,10
4194,Plaza Dr & W 170 St,40.840484,-73.917946,10
4074,Edgecombe Ave & W 167 St,40.838191,-73.936085,10
4067,Amsterdam Ave & W 180 St,40.847396,-73.931205,10
4268,50 St & Northern Blvd,40.753441,-73.912402,10
4414,24 St & 5 Ave,40.659555,-73.995068,10
4418,2 Ave & 32 St,40.659176,-74.006584,10
4320,31 St & Ditmars Blvd,40.776168,-73.910485,10
3886,Menahan St & Onderdonk Ave,40.70553,-73.9096,10
3921,Willis Ave & Bruckner Blvd,40.805701,-73.925177,10
4295,Ditmars Blvd & 79 St,40.768728,-73.890745,10
4165,E 165 St & Clay Ave,40.82809,-73.91288,10
4140,E 163 St & Union Ave,40.822545,-73.901824,10
4127,Ogden Ave & Merriam Ave,40.839142,-73.925961,10
4088,Nelson Ave & W 172 St,40.843965,-73.920999,10
4083,Walton Ave & E 168 St,40.83649,-73.918316,10
4380,5 Ave & 37 St,40.652657,-74.002356,10
4023,Adam Clayton Powell Blvd & W 141 St,40.819241,-73.941057,10
4311,8 St & Astoria Blvd,40.77259969,-73.93266276,10
3561,37 Ave & 35 St,40.7531106,-73.9279917,10
3824,Van Sinderen Ave & Truxton St,40.6786,-73.90369,10
3884,Centre St & Seneca Ave,40.69969,-73.9022,10
4076,E 150 St & Gerard Ave,40.820089,-73.928947,10
4041,Adam Clayton Powell Blvd & W 151 St,40.825289,-73.936232,10
3330,Henry St & Bay St,40.6725058,-74.00494695,10
4314,30 Ave & 47 St,40.761294,-73.909562,10
3871,Bushwick Ave & Furman Ave,40.68281,-73.90623,10
4051,W 160 St & St. Nicholas Ave,40.834468,-73.939865,10
4053,W 163 St & Edgecombe Ave,40.835798,-73.937496,10
3981,Harlem River Dr & W 155 St,40.830476,-73.939929,10
3530,Crescent St & Ditmars Blvd,40.7787185,-73.9145645,10
3564,21 St & 36 Ave,40.7601853,-73.9362726,10
4188,Broadway & W 155 St,40.83299,-73.94592,10
4258,34 Ave & 45 St,40.754795,-73.917014,10
4227,Crotona Park East & E 173 St,40.837037,-73.890413,10
4183,Fulton Ave & E 172 St,40.839229,-73.899047,10
3966,Wales Ave & E 147 St,40.811314,-73.907729,10
4249,E 170 St & Webster Ave,40.83617914,-73.90730146,10
4187,Fulton St & Pearl St,40.70772198,-74.00438637,10
4382,41 St & 3 Ave,40.652512,-74.008906,10
3896,Madison St & Seneca Ave,40.70183,-73.90625,10
3607,31 Ave & 14 St,40.7682,-73.9322662,10
4162,Southern Blvd & E 172 St,40.834124,-73.88955,10
3849,Suydam St & St. Nicholas Ave,40.70636,-73.91945,10
4025,Edgecombe Ave & W 150 St,40.826881,-73.941427,10
4228,Waterloo Pl & Crotona Park East,40.839194,-73.888587,10
3836,Bushwick Ave & Linden St,40.69146,-73.92146,10
3830,Halsey St & Evergreen Ave,40.68858,-73.91227,10
3333,Columbia St & Lorraine St,40.6747055,-74.0075572,10
3947,E 138 St & Willow Ave,40.804168,-73.911545,10
3769,White St & Johnson Ave,40.707174,-73.93581,10
4350,Prospect Park W & 20 St,40.656633,-73.983864,10
4015,W 155 St & Frederick Douglass Blvd,40.82923,-73.936996,10
3587,Carroll St & Washington Ave,40.6686744,-73.9618148,10
4316,34 Ave & 48 St,40.75388,-73.914952,10
4182,Louis Nine Blvd & Intervale Ave,40.831998,-73.892686,10
4386,57 St & 1 Ave - Brooklyn Army Terminal Vaccination Site,40.646377,-74.023087,10
3878,Cypress Ave & George St,40.69812,-73.90271,10
4135,Westchester Ave & Longwood Ave,40.819701,-73.901311,10
4086,Inwood Ave & W 170 St,40.840536,-73.919228,10
3793,Stuyvesant Walk & 1 Av Loop,40.73233978,-73.97898383,10
4027,St. Nicholas Ave & W 155 St,40.830663,-73.941323,10
4090,Grand Concourse & E 156 St,40.823429,-73.924689,10
4048,St. Nicholas Ave & W 157 St,40.832314,-73.94102,10
4245,Bruckner Blvd & Bryant Ave,40.821952,-73.888546,10
4362,7 Ave & 22 St,40.658029,-73.989605,10
3983,Westchester Ave & E 156 St,40.817802,-73.905203,10
4038,Southpoint Park,40.75370225,-73.95865202,10
4185,Southern Blvd & E 175 St,40.839335,-73.886445,10
3988,E 128 St & 3 Ave,40.805631,-73.934077,10
4250,Seneca Ave & Irvine St,40.8187257,-73.88862491,10
4260,43 St & 23 Ave,40.769673,-73.906018,10
4284,43 St & 35 Ave,40.754139,-73.919543,10
4261,36 St & Ditmars Blvd,40.774306,-73.908335,10
4169,Morris Ave & E 171 St,40.83899,-73.9109,10
4272,Ditmars Ave & 43 St,40.771203,-73.903865,10
4126,E 157 St & River Ave,40.825737,-73.927311,10
4372,34 St & 5 Ave,40.654098,-74.001131,10
3984,W 140 St & Riverside Dr,40.824013,-73.954743,10
4191,Intervale Ave & Kelly St,40.827301,-73.896372,10
3902,Fairview Ave & Linden St,40.70694,-73.90632,10
4293,Ditmars Blvd & 76 St,40.768442,-73.893531,10
4138,3 Ave & Franklin Ave,40.82696,-73.907451,10
4141,Southern Blvd & Tiffany St,40.818185,-73.894143,10
4198,E 161 St & Park Ave,40.824811,-73.916407,10
3598,Newton Rd & 44 St,40.7595701,-73.9142678,10
4265,49 St & 31 Ave,40.758057,-73.909831,10
4080,Jerome Ave & E 164 St,40.831444,-73.926226,10
3937,E 135 St & St Ann's Ave,40.805089,-73.918889,10
3897,Onderdonk Ave & Dekalb Ave,40.70863,-73.91497,10
3867,Somers St & Broadway,40.67945,-73.90474,10
3938,E 133 St & Cypress Pl,40.80262,-73.9174,10
3956,St. Ann's Ave & E 144 St,40.811112,-73.914932,10
4158,Freeman St & Reverend James A Polite Ave,40.830529,-73.894717,10
4146,Garrison Ave & Manida St,40.818743,-73.890247,10
4175,E 171 St & Webster Ave,40.838379,-73.905838,10
4092,Jerome Ave & Anderson Ave,40.830179,-73.928747,10
4322,20 Ave & 21 St,40.784003,-73.912297,10
4019,St. Ann's Av & Bruckner Blvd,40.803399,-73.919763,10
3950,Brook Ave & E 141 St,40.809619,-73.917875,10
4144,Lafayette Ave & Hunts Point Ave,40.816567,-73.888161,10
4259,49 St & 25 Ave,40.764496,-73.904632,10
4400,46 St & 7 Ave,40.644743,-74.003754,10
4369,23 St & 3 Ave,40.662611,-73.998623,10
3941,Walnut Ave & E 136 St,40.801657,-73.909513,10
4252,Home St & Westchester Ave,40.827629,-73.886659,10
4269,Broadway & 51 St,40.754164,-73.908906,10
4319,31 Ave & 57 St,40.757357,-73.904726,10
3985,E 160 St & Tinton Ave,40.820302,-73.903944,10
4155,E 169 St & Fox St,40.827184,-73.893721,10
4356,Greenwood Ave & E 4 St,40.650739,-73.977739,10
3961,Morris Ave & E 153 St,40.820036,-73.921411,10
4209,University Ave & W 168 St,40.838706,-73.927034,10
4202,Dawson St & Intervale Ave,40.819999,-73.897263,10
4032,E 155 St & Courtlandt Ave,40.82057,-73.917579,10
3875,Stephen St & Seneca Ave,40.6988,-73.9007,10
3948,E 138 St & Cypress Ave,40.805559,-73.914718,10
4190,Walton Ave & E 171 St,40.840683,-73.915073,10
4031,Cauldwell Ave & E 158 St,40.81989,-73.908351,10
4170,Webster Ave & E 166 St,40.828975,-73.911259,10
4101,E 153 St & E 157 St,40.826677,-73.929327,10
4211,Union Ave & E 169 St,40.82995,-73.898802,10
4189,Grant Ave & E 169 St,40.83579,-73.913741,10
4099,E 169 St & Webster Ave,40.834015,-73.908863,10
4335,23 Rd & 29 St,40.77406015,-73.91493469,10
4142,Barry St & Tiffany St,40.816126,-73.891559,10
4393,55 St & 5 Ave,40.642408,-74.013318,10
4159,3 Ave & E 172 St,40.839586,-73.900277,10
4392,52 St & 1 Ave,40.649292,-74.020105,10
3506,Lexington Ave & E 120 St,40.8013066,-73.9398167,10
4230,Charlotte St & Boston Rd,40.8358771,-73.8931428,10
4180,West Farms Rd & Boone Ave,40.830025,-73.886312,10
4208,Walton Ave & E 153 St,40.822351,-73.926907,10
4129,Anderson Ave & W 164 St,40.832057,-73.927421,10
4128,College Ave & E 170 St,40.837576,-73.910489,10
4391,52 St & 6 Ave,40.642703,-74.009441,10
4172,Washington Ave & E 167 St,40.829896,-73.907618,10
4385,53 St & 4 Ave,40.644862,-74.014531,10
4384,53 St & 5 Ave,40.643371,-74.011884,10
4116,Gerard Ave & E 164 St,40.830262,-73.923391,10
4276,20 Ave & Shore Blvd,40.785994,-73.915098,10
4107,E 170 St & Clay Ave,40.837213,-73.908345,10
4177,Prospect Ave & Jennings St,40.831762,-73.896853,10
4403,59 St & 4 Ave,40.641269,-74.017651,10
4357,Ft. Hamilton Pkwy & E 2 St,40.648005,-73.979342,10
4315,46 St & 30 Rd,40.76072,-73.910989,10
4213,Wilkins Ave & Crotona Park E,40.835302,-73.895133,10
4149,E 167 St & Franklin Ave,40.82895,-73.90521,10
3093,N 6 St & Bedford Ave,40.71745169,-73.95850939,10
3245,NYCBS DEPOT - DELANCEY,40.71644423,-73.98233056,10
3887,Flushing Ave & Woodward Ave,40.71246,-73.91873,10
4409,36 St & 4 Ave,40.654144,-74.00422,10
4397,64 St & 3 Ave,40.639978,-74.02324,10
4421,7 Ave & 40 St,40.648169,-74.000057,10
4428,Prospect Park SW & 10 Ave,40.659945,-73.977504,10
4416,36 St & 3 Ave,40.655716,-74.006664,10
4422,44 St & 3 Ave,40.651173,-74.011405,10
3459,E 53 St & 3 Ave,40.75763228,-73.96930575,10
4330,31 Rd & 21 St,40.766824,-73.930486,10
4395,6 Ave & 60 St,40.638196,-74.013821,10
4408,Windsor Pl & Howard Pl,40.65949056,-73.9801392,10
4423,57 St & 4 Ave,40.642622,-74.016866,10
4377,Dahill Rd & 12 Ave,40.646037,-73.980963,10
4401,55 St & 7 Ave,40.639673,-74.008957,10
4429,Prospect Park SW & Greenwood Ave,40.652563,-73.972573,10
4300,Bleecker St & Crosby St,40.72615605,-73.9951019,10
428,E 3 St & 1 Ave,40.72467721,-73.98783413,10
3276,Marin Light Rail,40.71458404,-74.04281706,10
4363,E 8 St & Caton Ave,40.648055,-73.972432,10
4361,Caton Ave & E 10 St,40.648481,-73.97058,10
4366,Albemarle Rd & McDonald Ave,40.645074,-73.979681,10
4411,48 St & 5 Ave,40.646351,-74.009271,10
4365,E 3 St & Church Ave,40.643817,-73.977433,10
4364,Caton Ave & E 7 St,40.647718,-73.973663,10
4326,Lenox Ave & W 140 St,40.817245,-73.938787,10
4424,4 Ave & Shore Road Dr,40.637033,-74.022141,10
4412,53 St & 2 Ave,40.64744,-74.018846,10
4297,Greenwich St & Perry St,40.73498,-74.00697,10
4359,Parade Pl & Crooke Ave,40.651847,-73.965248,10
4376,Church Ave & McDonald Ave,40.642809,-73.979239,10
4360,Caton Ave & Argyle Rd,40.649681,-73.967829,10
3638,Washington St,40.7242941,-74.0354826,10
4435,4 Ave & 17 St,40.665507,-73.993037,10
4389,47 St & 3 Ave,40.649143,-74.012384,10
4394,6 Ave & 55 St,40.640831,-74.010996,10
4420,7 Ave & 41 St,40.647379,-74.000911,10
